{
  "total_signals": 144335,
  "buy_yes_count": 16632,
  "buy_no_count": 127703,
  "wins": 64145,
  "losses": 80190,
  "win_rate": 0.4444175009526449,
  "total_pnl": 2766.860540999999,
  "avg_pnl_per_trade": 0.019169713104929497,
  "median_pnl": -0.010000000000000009,
  "buy_yes_pnl": 22.53533599999993,
  "buy_yes_ev_per_dollar": 0.03150012452253167,
  "buy_yes_win_rate": 0.04527417027417027,
  "buy_no_pnl": 2744.325204999999,
  "buy_no_ev_per_dollar": 0.046216450659965144,
  "buy_no_win_rate": 0.49640180731854383,
  "buy_no_by_price": {
    "45-55c": {
      "count": 115273,
      "win_rate": 0.5205902509694378,
      "total_pnl": 1392.590012999999,
      "avg_pnl": 0.012080799606152343
    },
    "55-65c": {
      "count": 2404,
      "win_rate": 0.5956738768718802,
      "total_pnl": 407.0480130000001,
      "avg_pnl": 0.1693211368552413
    },
    "65-75c": {
      "count": 1385,
      "win_rate": 0.44259927797833937,
      "total_pnl": 176.08298199999993,
      "avg_pnl": 0.12713572707581222
    },
    "75-85c": {
      "count": 1282,
      "win_rate": 0.3502340093603744,
      "total_pnl": 175.530998,
      "avg_pnl": 0.13691965522620905
    },
    "85-95c": {
      "count": 1914,
      "win_rate": 0.20637408568443052,
      "total_pnl": 196.897998,
      "avg_pnl": 0.10287251724137932
    },
    "95-100c": {
      "count": 5445,
      "win_rate": 0.09054178145087236,
      "total_pnl": 396.1752009999999,
      "avg_pnl": 0.07275944921946738
    }
  },
  "by_category": {
    "crypto": {
      "total_signals": 144335,
      "buy_no_count": 127703,
      "buy_no_pnl": 2744.325204999999,
      "buy_no_win_rate": 0.49640180731854383,
      "total_pnl": 2766.860540999999,
      "win_rate": 0.4444175009526449
    }
  },
  "monthly_summary": {
    "2022-12": {
      "trades": 4,
      "pnl": 0.63,
      "win_rate": 0.5
    },
    "2023-01": {
      "trades": 2,
      "pnl": -0.53,
      "win_rate": 0.0
    },
    "2023-02": {
      "trades": 7,
      "pnl": 2.24,
      "win_rate": 0.714
    },
    "2023-03": {
      "trades": 10,
      "pnl": -0.64,
      "win_rate": 0.2
    },
    "2023-04": {
      "trades": 34,
      "pnl": 2.9,
      "win_rate": 0.353
    },
    "2023-05": {
      "trades": 6,
      "pnl": -0.23,
      "win_rate": 0.0
    },
    "2023-06": {
      "trades": 4,
      "pnl": 1.81,
      "win_rate": 0.75
    },
    "2023-07": {
      "trades": 9,
      "pnl": 1.25,
      "win_rate": 0.333
    },
    "2023-08": {
      "trades": 7,
      "pnl": 2.64,
      "win_rate": 0.571
    },
    "2023-09": {
      "trades": 6,
      "pnl": 0.27,
      "win_rate": 0.333
    },
    "2023-10": {
      "trades": 7,
      "pnl": 0.2,
      "win_rate": 0.286
    },
    "2023-11": {
      "trades": 2,
      "pnl": 0.37,
      "win_rate": 0.5
    },
    "2023-12": {
      "trades": 11,
      "pnl": 5.14,
      "win_rate": 0.636
    },
    "2024-01": {
      "trades": 23,
      "pnl": 0.63,
      "win_rate": 0.174
    },
    "2024-02": {
      "trades": 45,
      "pnl": 1.59,
      "win_rate": 0.133
    },
    "2024-03": {
      "trades": 27,
      "pnl": 0.81,
      "win_rate": 0.259
    },
    "2024-04": {
      "trades": 20,
      "pnl": -1.21,
      "win_rate": 0.2
    },
    "2024-05": {
      "trades": 18,
      "pnl": -1.92,
      "win_rate": 0.167
    },
    "2024-06": {
      "trades": 30,
      "pnl": 6.56,
      "win_rate": 0.433
    },
    "2024-07": {
      "trades": 51,
      "pnl": 5.74,
      "win_rate": 0.353
    },
    "2024-08": {
      "trades": 49,
      "pnl": 7.97,
      "win_rate": 0.347
    },
    "2024-09": {
      "trades": 45,
      "pnl": 2.5,
      "win_rate": 0.267
    },
    "2024-10": {
      "trades": 55,
      "pnl": 4.37,
      "win_rate": 0.309
    },
    "2024-11": {
      "trades": 84,
      "pnl": 10.03,
      "win_rate": 0.333
    },
    "2024-12": {
      "trades": 111,
      "pnl": 21.17,
      "win_rate": 0.432
    },
    "2025-01": {
      "trades": 116,
      "pnl": 15.68,
      "win_rate": 0.345
    },
    "2025-02": {
      "trades": 141,
      "pnl": 16.25,
      "win_rate": 0.319
    },
    "2025-03": {
      "trades": 171,
      "pnl": 13.36,
      "win_rate": 0.31
    },
    "2025-04": {
      "trades": 195,
      "pnl": 5.09,
      "win_rate": 0.308
    },
    "2025-05": {
      "trades": 468,
      "pnl": 15.9,
      "win_rate": 0.357
    },
    "2025-06": {
      "trades": 1883,
      "pnl": -4.05,
      "win_rate": 0.456
    },
    "2025-07": {
      "trades": 2674,
      "pnl": -62.81,
      "win_rate": 0.442
    },
    "2025-08": {
      "trades": 3412,
      "pnl": -21.2,
      "win_rate": 0.386
    },
    "2025-09": {
      "trades": 11203,
      "pnl": -14.23,
      "win_rate": 0.286
    },
    "2025-10": {
      "trades": 10597,
      "pnl": 52.88,
      "win_rate": 0.446
    },
    "2025-11": {
      "trades": 13233,
      "pnl": 141.92,
      "win_rate": 0.463
    },
    "2025-12": {
      "trades": 13897,
      "pnl": -256.0,
      "win_rate": 0.425
    },
    "2026-01": {
      "trades": 14013,
      "pnl": 114.91,
      "win_rate": 0.446
    },
    "2026-02": {
      "trades": 23619,
      "pnl": -188.3,
      "win_rate": 0.463
    },
    "2026-03": {
      "trades": 48046,
      "pnl": 2863.15,
      "win_rate": 0.48
    }
  },
  "final_bankroll": 2766.8605409996107,
  "max_drawdown": 608.4574660000015
}