{
  "total_signals": 145,
  "buy_yes_count": 70,
  "buy_no_count": 75,
  "wins": 39,
  "losses": 106,
  "win_rate": 0.2689655172413793,
  "total_pnl": 12.01,
  "avg_pnl_per_trade": 0.08282758620689655,
  "median_pnl": -0.04,
  "buy_yes_pnl": 3.6,
  "buy_yes_ev_per_dollar": 1.1042944785276074,
  "buy_yes_win_rate": 0.1,
  "buy_no_pnl": 8.409999999999998,
  "buy_no_ev_per_dollar": 0.3664488017429194,
  "buy_no_win_rate": 0.4266666666666667,
  "buy_no_by_price": {
    "45-55c": {
      "count": 17,
      "win_rate": 0.8235294117647058,
      "total_pnl": 5.049999999999999,
      "avg_pnl": 0.2970588235294117
    },
    "55-65c": {
      "count": 18,
      "win_rate": 0.3333333333333333,
      "total_pnl": -1.3499999999999999,
      "avg_pnl": -0.075
    },
    "65-75c": {
      "count": 8,
      "win_rate": 0.5,
      "total_pnl": 1.2200000000000002,
      "avg_pnl": 0.15250000000000002
    },
    "75-85c": {
      "count": 14,
      "win_rate": 0.21428571428571427,
      "total_pnl": 2.220446049250313e-16,
      "avg_pnl": 1.586032892321652e-17
    },
    "85-95c": {
      "count": 12,
      "win_rate": 0.16666666666666666,
      "total_pnl": 0.77,
      "avg_pnl": 0.06416666666666666
    },
    "95-100c": {
      "count": 6,
      "win_rate": 0.5,
      "total_pnl": 2.7199999999999998,
      "avg_pnl": 0.4533333333333333
    }
  },
  "by_category": {
    "covid": {
      "total_signals": 145,
      "buy_no_count": 75,
      "buy_no_pnl": 8.409999999999998,
      "buy_no_win_rate": 0.4266666666666667,
      "total_pnl": 12.01,
      "win_rate": 0.2689655172413793
    }
  },
  "monthly_summary": {
    "2023-07": {
      "trades": 1,
      "pnl": -0.14,
      "win_rate": 0.0
    },
    "2023-12": {
      "trades": 2,
      "pnl": -0.42,
      "win_rate": 0.0
    },
    "2024-05": {
      "trades": 1,
      "pnl": -0.04,
      "win_rate": 0.0
    },
    "2024-08": {
      "trades": 3,
      "pnl": 1.61,
      "win_rate": 0.667
    },
    "2024-10": {
      "trades": 1,
      "pnl": -0.03,
      "win_rate": 0.0
    },
    "2024-11": {
      "trades": 1,
      "pnl": -0.01,
      "win_rate": 0.0
    },
    "2024-12": {
      "trades": 4,
      "pnl": 1.48,
      "win_rate": 0.75
    },
    "2025-01": {
      "trades": 1,
      "pnl": 0.54,
      "win_rate": 1.0
    },
    "2025-02": {
      "trades": 6,
      "pnl": 1.6,
      "win_rate": 0.5
    },
    "2025-03": {
      "trades": 2,
      "pnl": 0.75,
      "win_rate": 0.5
    },
    "2025-04": {
      "trades": 3,
      "pnl": 0.3,
      "win_rate": 0.333
    },
    "2025-05": {
      "trades": 3,
      "pnl": 0.89,
      "win_rate": 0.667
    },
    "2025-06": {
      "trades": 1,
      "pnl": -0.45,
      "win_rate": 0.0
    },
    "2025-07": {
      "trades": 4,
      "pnl": 0.13,
      "win_rate": 0.25
    },
    "2025-08": {
      "trades": 3,
      "pnl": -1.23,
      "win_rate": 0.0
    },
    "2025-09": {
      "trades": 9,
      "pnl": 3.02,
      "win_rate": 0.556
    },
    "2025-10": {
      "trades": 1,
      "pnl": -0.11,
      "win_rate": 0.0
    },
    "2025-11": {
      "trades": 3,
      "pnl": -0.08,
      "win_rate": 0.0
    },
    "2025-12": {
      "trades": 7,
      "pnl": 0.45,
      "win_rate": 0.143
    },
    "2026-01": {
      "trades": 26,
      "pnl": -1.79,
      "win_rate": 0.115
    },
    "2026-02": {
      "trades": 29,
      "pnl": -0.19,
      "win_rate": 0.172
    },
    "2026-03": {
      "trades": 34,
      "pnl": 5.73,
      "win_rate": 0.324
    }
  },
  "final_bankroll": 12.010000000000007,
  "max_drawdown": 3.259999999999997
}