{
  "position_size": 100.0,
  "total_pnl": -38768.89442290028,
  "buy_no_pnl": -256440.8825229003,
  "buy_no_wr": 0.4320364169289196,
  "max_drawdown": 907910.7540317245,
  "fill_model": "orderbook-calibrated",
  "slippage_by_bucket": {
    "45-55": 0.167,
    "55-65": 0.129,
    "65-75": 0.089,
    "75-85": -0.08,
    "85-95": 0.638,
    "95-100": -0.651
  }
}