{
  "total_signals": 5991324,
  "buy_yes_count": 4847859,
  "buy_no_count": 1143465,
  "wins": 448981,
  "losses": 5542343,
  "win_rate": 0.07493852777783341,
  "total_pnl": 37969.47146299997,
  "avg_pnl_per_trade": 0.006337409137446076,
  "median_pnl": -0.011,
  "buy_yes_pnl": -3290.7248140000142,
  "buy_yes_ev_per_dollar": -0.022089605160154343,
  "buy_yes_win_rate": 0.030663845627523407,
  "buy_no_pnl": 41260.19627699999,
  "buy_no_ev_per_dollar": 0.16304494301074243,
  "buy_no_win_rate": 0.2626464299300809,
  "by_price_bucket": {
    "penny_0-5": {
      "count": 3649539,
      "win_rate": 0.012202637100192655,
      "avg_pnl": 0.00018963013465535947,
      "total_pnl": 692.062571999986,
      "avg_price": 0.011768954223533442
    },
    "deep_tail_5-10": {
      "count": 760116,
      "win_rate": 0.06841982013271658,
      "avg_pnl": -0.003344417474438112,
      "total_pnl": -2542.145233,
      "avg_price": 0.07039584120450038
    },
    "tail_10-15": {
      "count": 438204,
      "win_rate": 0.1189240627652874,
      "avg_pnl": -0.003287606121806294,
      "total_pnl": -1440.6421530000052,
      "avg_price": 0.11983318763178794
    },
    "center_30-50": {
      "count": 103853,
      "win_rate": 0.5647790627136433,
      "avg_pnl": 0.028721669879541247,
      "total_pnl": 2982.831581999997,
      "avg_price": 0.47523818842017085
    },
    "fav_50-70": {
      "count": 339240,
      "win_rate": 0.4548431788704162,
      "avg_pnl": 0.02926178661714421,
      "total_pnl": 9926.768492000001,
      "avg_price": 0.5835154713241363
    },
    "heavy_fav_70-85": {
      "count": 157783,
      "win_rate": 0.2866341747843557,
      "avg_pnl": 0.04947465305514535,
      "total_pnl": 7806.259182999998,
      "avg_price": 0.7685731617664768
    },
    "dominant_85-95": {
      "count": 155537,
      "win_rate": 0.15125661418183456,
      "avg_pnl": 0.05045212317969358,
      "total_pnl": 7847.171883,
      "avg_price": 0.9022206412814957
    },
    "near_certain_95-100": {
      "count": 387052,
      "win_rate": 0.048107231069727065,
      "avg_pnl": 0.032804804359620916,
      "total_pnl": 12697.165136999995,
      "avg_price": 0.9856597179112884
    }
  },
  "buy_yes_by_price": {
    "0-5c": {
      "count": 3649539,
      "win_rate": 0.012202637100192655,
      "total_pnl": 692.062571999986,
      "avg_pnl": 0.00018963013465535947
    },
    "5-10c": {
      "count": 760116,
      "win_rate": 0.06841982013271658,
      "total_pnl": -2542.145233,
      "avg_pnl": -0.003344417474438112
    },
    "10-15c": {
      "count": 438204,
      "win_rate": 0.1189240627652874,
      "total_pnl": -1440.6421530000052,
      "avg_pnl": -0.003287606121806294
    }
  },
  "buy_no_by_price": {
    "45-55c": {
      "count": 214851,
      "win_rate": 0.538736147376554,
      "total_pnl": 5315.418458999997,
      "avg_pnl": 0.0247400219640588
    },
    "55-65c": {
      "count": 159262,
      "win_rate": 0.4429995855885271,
      "total_pnl": 4205.027487000001,
      "avg_pnl": 0.02640320658411926
    },
    "65-75c": {
      "count": 123837,
      "win_rate": 0.3545790030443244,
      "total_pnl": 4742.9289329999965,
      "avg_pnl": 0.03829977254778456
    },
    "75-85c": {
      "count": 102926,
      "win_rate": 0.27174863494160856,
      "total_pnl": 6452.484378000001,
      "avg_pnl": 0.06269051918854324
    },
    "85-95c": {
      "count": 155537,
      "win_rate": 0.15125661418183456,
      "total_pnl": 7847.171883,
      "avg_pnl": 0.05045212317969358
    },
    "95-100c": {
      "count": 387052,
      "win_rate": 0.048107231069727065,
      "total_pnl": 12697.165136999995,
      "avg_pnl": 0.032804804359620916
    }
  },
  "monthly_summary": {
    "2023-07": {
      "trades": 163,
      "pnl": -51.46,
      "win_rate": 0.0
    },
    "2023-08": {
      "trades": 303,
      "pnl": -51.38,
      "win_rate": 0.0
    },
    "2023-09": {
      "trades": 138,
      "pnl": -8.39,
      "win_rate": 0.0
    },
    "2023-10": {
      "trades": 115,
      "pnl": -3.98,
      "win_rate": 0.0
    },
    "2023-11": {
      "trades": 57,
      "pnl": -1.19,
      "win_rate": 0.0
    },
    "2023-12": {
      "trades": 83,
      "pnl": -0.93,
      "win_rate": 0.0
    },
    "2024-01": {
      "trades": 214,
      "pnl": -21.1,
      "win_rate": 0.0
    },
    "2024-02": {
      "trades": 74,
      "pnl": -8.08,
      "win_rate": 0.0
    },
    "2024-03": {
      "trades": 70,
      "pnl": -8.67,
      "win_rate": 0.0
    },
    "2024-04": {
      "trades": 63,
      "pnl": -2.95,
      "win_rate": 0.048
    },
    "2024-05": {
      "trades": 582,
      "pnl": 112.57,
      "win_rate": 0.354
    },
    "2024-06": {
      "trades": 658,
      "pnl": -6.71,
      "win_rate": 0.078
    },
    "2024-07": {
      "trades": 370,
      "pnl": -16.35,
      "win_rate": 0.022
    },
    "2024-08": {
      "trades": 1250,
      "pnl": 2.93,
      "win_rate": 0.078
    },
    "2024-09": {
      "trades": 4672,
      "pnl": -147.31,
      "win_rate": 0.073
    },
    "2024-10": {
      "trades": 6461,
      "pnl": -424.55,
      "win_rate": 0.007
    },
    "2024-11": {
      "trades": 8022,
      "pnl": -503.63,
      "win_rate": 0.019
    },
    "2024-12": {
      "trades": 64130,
      "pnl": -1403.89,
      "win_rate": 0.007
    },
    "2025-01": {
      "trades": 32302,
      "pnl": 506.11,
      "win_rate": 0.151
    },
    "2025-02": {
      "trades": 71525,
      "pnl": 470.04,
      "win_rate": 0.088
    },
    "2025-03": {
      "trades": 94271,
      "pnl": 2441.53,
      "win_rate": 0.095
    },
    "2025-04": {
      "trades": 48074,
      "pnl": 939.79,
      "win_rate": 0.094
    },
    "2025-05": {
      "trades": 74886,
      "pnl": 1578.86,
      "win_rate": 0.092
    },
    "2025-06": {
      "trades": 45499,
      "pnl": 501.18,
      "win_rate": 0.08
    },
    "2025-07": {
      "trades": 52344,
      "pnl": 1162.79,
      "win_rate": 0.086
    },
    "2025-08": {
      "trades": 54360,
      "pnl": 2179.11,
      "win_rate": 0.115
    },
    "2025-09": {
      "trades": 34002,
      "pnl": 394.31,
      "win_rate": 0.082
    },
    "2025-10": {
      "trades": 52836,
      "pnl": 1278.12,
      "win_rate": 0.089
    },
    "2025-11": {
      "trades": 149997,
      "pnl": -4.72,
      "win_rate": 0.081
    },
    "2025-12": {
      "trades": 163110,
      "pnl": 3901.01,
      "win_rate": 0.088
    },
    "2026-01": {
      "trades": 458746,
      "pnl": 3381.68,
      "win_rate": 0.078
    },
    "2026-02": {
      "trades": 1096340,
      "pnl": 104.72,
      "win_rate": 0.073
    },
    "2026-03": {
      "trades": 3475607,
      "pnl": 21680.01,
      "win_rate": 0.072
    }
  },
  "final_bankroll": 37969.471463639835,
  "max_drawdown": 10880.230323274163
}