{
  "peak_bankroll": 46.068951000000006,
  "halted": false,
  "halted_at": null,
  "current_drawdown_pct": 0,
  "current_bankroll": 46.068951000000006
}